,Agile,artificial intelligence,automated testing,BDD,BGP,big data,bug fixing,business intelligence,capacity planning,cloud computing,computer hardware,configuration management,content management systems,CRM,customer support,cyber security,data integration,data migration,data mining,data modelling,data storage,data structures,data visualisation,data warehousing,database administration,database architecture,database design,debugging,deep learning,design layout,design patterns,devops,ERP,ETL,firewalls,graphic design,information security,information systems,integration testing,IPSec,JSON,KPI,machine learning,mathematics,microservices,NLP,NoSQL,object oriented programming,orchestration,ORM,patching,performance monitoring,performance testing,performance tuning,prototyping,RDBMS,relational databases,robotics,SDLC,source control,statistics,system administration,system integration,systems engineering,TDD,telephony,test scripts,troubleshooting,UAT,unit testing,user research,UX,version control,virtualisation,visual design,web APIs,web applications,web design,web services,web technologies,wireframes,wireless networks,AJAX,C,C#,C++,CSS,Groovy,HTML,Java,JavaScript,Matlab,Perl,PHP,PowerShell,Python,R,Ruby,Sass,Scala,SQL,UML,VBA,XML,ability to prioritise,analytic skills,attention to detail,business acumen,business analysis,communication skills,creativity,critical thinking,enthusiasm,GDPR,initiative,innovation,interpersonal skills,leadership skills,negotiation skills,numeracy,organisational skills,presentation skills,project management,risk management,self motivation,stakeholder management,teamwork,time management,work independently,.Net,Access,Adobe,Amazon Web Services,Android,Angular,ASP,Azure,Bash,Bootstrap,Cassandra,Cisco,Citrix,CMS,Docker,Eclipse,Elasticsearch,Excel,Git,Google Analytics,Google Cloud,Gradle,Hadoop,Hive,Hyper-V,IIS,iOS,ITIL,Java EE,Jenkins,Jira,jQuery,Kafka,Kanban,Laravel,Linux,Maven,Microsoft Office,MongoDB,MVC,Node.js,Oracle,Photoshop,PostgreSQL,Powerpoint,Puppet,RabbitMQ,REST APIs,Salesforce,SAS,Scrum,SharePoint,SOAP,Spark,SSAS,SSIS,Tableau,TeamCity,Tensorflow,Unix,Visual Studio,VMWare,WCF,Windows Server,Word,WordPress,WPF,Jobrole Frequency
software engineer,50.6,6.0,13.200000000000001,6.2,0.0,7.8,0.7000000000000001,1.6,0.1,16.2,9.6,3.5000000000000004,0.2,1.6,0.6,1.0999999999999999,0.7000000000000001,0.2,0.2,0.7000000000000001,1.7999999999999998,2.9000000000000004,1.2,2.0,0.7000000000000001,0.3,3.3000000000000003,7.199999999999999,1.2,0.4,8.0,13.8,0.6,2.7,0.6,0.0,0.4,1.2,3.3000000000000003,0.0,5.2,0.1,8.3,4.7,8.799999999999999,1.2,11.700000000000001,5.4,1.5,0.8999999999999999,0.2,0.0,1.6,0.7000000000000001,4.6,1.9,3.5999999999999996,1.6,4.1000000000000005,4.1000000000000005,1.3,0.7000000000000001,1.3,1.2,13.4,0.4,0.7000000000000001,9.2,0.7000000000000001,10.2,0.4,4.3999999999999995,9.3,0.8999999999999999,0.0,3.5999999999999996,7.3,0.7000000000000001,10.100000000000001,4.5,0.2,0.2,1.4000000000000001,14.299999999999999,25.2,23.400000000000002,15.2,0.7000000000000001,17.7,38.2,33.5,2.1999999999999997,1.9,6.4,1.0,27.700000000000003,1.0999999999999999,5.8999999999999995,1.0,4.3999999999999995,27.500000000000004,4.1000000000000005,1.2,5.7,0.5,3.5000000000000004,3.3000000000000003,0.2,0.8999999999999999,38.5,3.8,0.1,3.1,0.7000000000000001,6.2,15.5,6.3,4.7,0.2,0.0,0.7000000000000001,0.8,4.9,1.0,0.4,1.9,11.4,3.3000000000000003,3.1,18.5,0.2,0.3,21.9,5.2,12.0,7.199999999999999,7.3,1.7000000000000002,2.8000000000000003,3.5000000000000004,0.6,0.4,1.7000000000000002,14.399999999999999,2.0,3.6999999999999997,2.1999999999999997,20.200000000000003,0.6,2.7,1.3,3.0,1.4000000000000001,0.0,0.4,3.8,0.5,4.3,9.8,5.1,5.8999999999999995,4.5,3.3000000000000003,0.8,20.1,3.4000000000000004,0.8,6.5,9.6,13.700000000000001,5.0,0.1,2.9000000000000004,0.1,1.7000000000000002,0.6,3.1,1.3,0.2,12.8,0.6,3.8,3.5000000000000004,0.6,1.9,0.7000000000000001,1.0999999999999999,1.2,7.000000000000001,5.6000000000000005,0.6,2.5,0.6,1.0999999999999999,0.1,3.5000000000000004,1620
software developer,42.199999999999996,4.6,10.0,4.3999999999999995,0.0,4.0,0.4,1.5,0.1,10.5,4.0,1.4000000000000001,0.5,2.4,0.5,1.0,0.5,0.4,1.2,1.0,0.5,2.1,1.3,0.5,0.5,0.2,4.7,3.6999999999999997,0.4,0.5,9.2,8.200000000000001,1.5,1.4000000000000001,0.4,0.1,0.3,1.6,1.6,0.0,6.7,1.3,3.9,6.5,4.2,0.1,4.6,4.0,0.1,3.3000000000000003,0.1,0.7000000000000001,1.0,0.6,2.1,1.0,5.3,0.2,5.800000000000001,6.3,0.8999999999999999,0.7000000000000001,0.8999999999999999,0.3,10.8,0.3,0.7000000000000001,6.9,0.2,13.900000000000002,0.2,4.3999999999999995,6.3,0.3,0.5,8.200000000000001,11.700000000000001,1.0999999999999999,11.200000000000001,5.0,0.2,0.1,5.5,11.200000000000001,51.4,13.600000000000001,30.2,0.5,32.800000000000004,26.400000000000002,46.5,0.6,1.5,11.899999999999999,0.4,16.3,1.5,5.1,2.4,2.1999999999999997,48.3,1.7999999999999998,2.3,10.7,0.7000000000000001,1.9,4.0,0.0,0.5,36.0,2.7,0.5,5.7,0.5,3.2,10.299999999999999,5.6000000000000005,1.0,0.0,0.0,0.6,0.3,4.2,1.6,0.2,1.7999999999999998,7.6,1.7000000000000002,1.7000000000000002,41.9,0.7000000000000001,0.5,11.1,5.800000000000001,18.0,20.5,10.5,1.7000000000000002,6.800000000000001,1.5,0.3,0.3,1.5,8.200000000000001,1.5,1.4000000000000001,2.9000000000000004,19.0,0.3,0.8999999999999999,0.8999999999999999,2.4,0.6,0.0,1.4000000000000001,4.1000000000000005,0.8,3.0,9.4,9.0,17.7,1.5,1.9,2.1999999999999997,15.0,2.1,0.5,4.7,24.2,8.3,7.000000000000001,0.5,3.2,0.5,1.3,2.1,5.0,0.5,0.5,13.100000000000001,1.0999999999999999,7.3,1.5,0.4,2.5,1.0999999999999999,1.7000000000000002,0.2,4.8,10.2,0.3,3.5999999999999996,1.6,1.4000000000000001,0.8999999999999999,4.7,1103
web developer,17.4,1.0999999999999999,1.4000000000000001,1.6,0.0,1.7999999999999998,2.9000000000000004,0.7000000000000001,0.0,6.0,0.4,0.5,2.7,2.0,0.4,0.4,0.0,0.0,0.2,0.2,0.5,1.4000000000000001,0.5,0.4,0.5,0.2,3.5999999999999996,5.1,0.0,11.4,5.1,3.8,0.5,0.0,0.4,1.6,0.4,0.7000000000000001,0.7000000000000001,0.0,3.4000000000000004,0.0,2.1999999999999997,0.4,1.4000000000000001,0.2,3.3000000000000003,2.0,0.0,0.7000000000000001,0.0,0.2,0.0,2.9000000000000004,11.899999999999999,0.7000000000000001,2.5,0.8999999999999999,2.1999999999999997,5.4,0.7000000000000001,0.5,0.2,0.0,5.6000000000000005,0.2,0.2,7.199999999999999,0.7000000000000001,6.0,0.0,17.5,11.0,0.0,1.6,5.1,17.7,6.9,9.2,5.4,10.100000000000001,0.2,4.3,1.4000000000000001,23.3,0.4,75.2,0.0,74.1,8.1,76.7,0.0,0.4,46.800000000000004,0.2,5.4,0.0,11.600000000000001,10.8,0.2,28.199999999999996,0.5,0.7000000000000001,4.7,2.7,0.7000000000000001,5.6000000000000005,0.2,0.2,35.4,2.0,0.0,4.5,0.4,5.1,7.1,5.2,1.0999999999999999,0.0,0.5,1.7999999999999998,0.4,3.4000000000000004,0.2,0.7000000000000001,0.4,5.800000000000001,4.0,1.6,25.3,0.0,4.9,8.1,1.4000000000000001,16.3,16.1,5.4,0.7000000000000001,6.5,0.4,0.0,0.0,9.9,5.4,0.5,4.7,1.4000000000000001,23.7,1.4000000000000001,0.0,0.0,0.5,0.0,0.0,2.0,0.7000000000000001,0.5,0.4,1.3,2.4,22.400000000000002,0.2,1.3,14.6,12.1,0.2,0.5,1.0999999999999999,20.599999999999998,6.7,2.9000000000000004,6.7,2.5,0.2,0.0,3.1,0.4,0.2,0.0,3.3000000000000003,0.8999999999999999,1.6,0.7000000000000001,0.0,0.7000000000000001,0.0,0.8999999999999999,0.2,1.3,4.0,0.0,0.7000000000000001,1.3,0.7000000000000001,17.4,0.7000000000000001,553
data analyst,5.800000000000001,1.0999999999999999,0.2,0.2,0.0,4.3,0.0,11.200000000000001,0.0,1.9,0.8999999999999999,0.6,0.0,5.4,0.2,0.6,0.6,3.6999999999999997,5.6000000000000005,5.800000000000001,1.3,2.6,5.800000000000001,4.6,0.4,0.0,3.0,0.0,0.4,0.0,0.0,0.4,3.3000000000000003,6.5,0.0,0.0,0.6,6.3,0.0,0.0,0.7000000000000001,5.8999999999999995,3.2,2.8000000000000003,0.0,0.6,0.7000000000000001,0.0,0.0,0.0,0.4,1.5,0.0,0.7000000000000001,0.2,0.7000000000000001,3.2,0.4,0.4,0.4,26.0,0.4,0.0,0.0,0.6,0.0,0.4,2.8000000000000003,0.8999999999999999,0.2,0.4,0.0,1.3,0.4,0.0,0.0,0.4,0.0,1.5,0.0,0.0,0.0,0.0,1.0999999999999999,0.4,0.4,0.7000000000000001,0.0,1.3,1.7000000000000002,2.8000000000000003,1.3,0.2,0.6,0.6,13.200000000000001,10.8,0.0,0.0,0.4,45.7,0.2,8.6,2.8000000000000003,3.0,10.4,15.6,0.6,4.1000000000000005,47.599999999999994,1.5,0.4,1.9,3.2,8.9,3.3000000000000003,9.9,0.4,0.0,3.3000000000000003,4.1000000000000005,1.9,4.1000000000000005,0.2,0.4,2.8000000000000003,4.3,2.4,3.0,0.2,3.9,0.8999999999999999,3.2,0.0,0.2,0.2,2.1999999999999997,0.4,0.0,0.6,0.2,0.0,0.4,0.0,0.4,0.8999999999999999,55.00000000000001,0.7000000000000001,2.6,1.0999999999999999,0.0,4.1000000000000005,1.7000000000000002,0.0,0.0,0.0,0.7000000000000001,0.2,0.0,0.4,0.0,0.4,0.4,0.0,0.8999999999999999,0.0,10.8,0.8999999999999999,0.0,0.0,3.6999999999999997,0.0,0.4,5.4,0.2,0.0,0.0,0.7000000000000001,9.700000000000001,1.3,2.6,0.4,1.9,1.7000000000000002,3.6999999999999997,13.0,0.0,0.0,0.2,0.4,0.2,0.0,0.0,5.2,0.0,0.0,538
business analyst,56.599999999999994,1.7000000000000002,0.0,1.9,0.0,1.9,0.2,4.3,0.2,3.0,4.5,0.6,0.8999999999999999,6.2,1.7000000000000002,1.0999999999999999,1.0999999999999999,2.1,0.8999999999999999,5.6000000000000005,0.4,1.5,1.5,1.3,0.0,0.2,0.4,0.6,0.0,0.0,0.4,0.8999999999999999,8.1,2.6,0.4,0.0,1.3,7.5,1.0999999999999999,0.0,1.0999999999999999,2.8000000000000003,0.8999999999999999,2.1,0.2,0.0,0.2,0.4,0.0,0.0,0.0,0.2,0.2,0.0,3.0,0.2,0.0,0.4,9.2,0.0,3.0,0.4,1.5,0.0,0.2,0.4,3.8,2.4,13.5,0.4,0.8999999999999999,3.4000000000000004,0.2,0.2,0.0,0.4,1.0999999999999999,1.3,0.6,0.6,3.5999999999999996,0.4,0.0,3.2,1.0999999999999999,1.5,2.4,0.0,2.4,6.800000000000001,4.3,0.0,0.2,0.2,0.0,4.7,1.7000000000000002,0.0,0.0,0.6,19.0,8.3,1.5,1.9,1.9,11.3,9.0,1.7000000000000002,40.6,62.8,2.4,0.6,1.3,1.5,7.5,11.3,11.799999999999999,1.9,0.8999999999999999,2.1,2.6,4.5,21.8,5.800000000000001,0.2,17.299999999999997,6.800000000000001,4.7,3.5999999999999996,2.6,1.0999999999999999,1.0999999999999999,1.9,0.2,0.4,0.0,2.1,0.0,0.0,0.2,0.6,0.0,1.0999999999999999,0.2,0.2,0.0,15.2,0.2,0.4,0.2,0.0,1.9,0.4,0.0,0.0,0.4,3.5999999999999996,0.0,0.0,12.2,0.4,0.4,2.1,0.0,0.4,0.0,10.5,0.0,0.0,0.6,7.9,0.0,0.0,6.800000000000001,0.0,0.0,0.2,4.9,1.5,14.299999999999999,2.6,0.6,0.0,0.4,0.2,2.1,0.0,0.0,0.8999999999999999,0.2,0.0,0.0,0.0,6.6000000000000005,0.0,0.0,468
devops engineer,45.5,1.7000000000000002,7.1,1.0999999999999999,0.0,2.8000000000000003,0.0,0.0,1.4000000000000001,37.2,4.3,27.0,0.0,2.0,2.0,0.3,0.3,0.3,0.0,0.3,0.0,0.3,0.3,1.7000000000000002,0.8999999999999999,0.0,0.0,1.7000000000000002,0.0,0.0,0.3,94.89999999999999,0.0,1.0999999999999999,2.8000000000000003,0.0,1.0999999999999999,0.6,0.3,0.0,3.6999999999999997,0.3,2.6,1.0999999999999999,5.4,0.6,9.4,0.3,9.9,0.0,3.4000000000000004,1.7000000000000002,2.0,0.0,0.3,2.8000000000000003,1.4000000000000001,0.3,3.4000000000000004,5.1,0.6,6.0,0.0,0.8999999999999999,0.8999999999999999,0.3,0.0,42.6,0.0,1.4000000000000001,0.0,1.0999999999999999,4.8,10.5,0.0,0.0,2.3,0.0,5.4,0.3,0.0,0.0,0.0,1.4000000000000001,4.0,3.6999999999999997,2.6,3.6999999999999997,2.6,20.7,7.7,0.0,12.5,7.1,11.4,68.8,1.7000000000000002,45.7,0.0,1.4000000000000001,38.4,0.0,0.0,2.8000000000000003,0.6,3.1,3.1,2.0,0.3,30.099999999999998,2.3,0.0,2.3,0.6,3.4000000000000004,12.8,2.3,1.7000000000000002,0.3,0.0,0.8999999999999999,1.0999999999999999,2.8000000000000003,2.8000000000000003,0.0,2.8000000000000003,9.9,2.0,1.7000000000000002,5.7,0.0,0.0,51.1,2.8000000000000003,2.0,1.4000000000000001,30.7,20.200000000000003,0.8999999999999999,2.0,2.6,2.3,0.0,41.199999999999996,2.0,4.5,0.6,22.2,0.0,7.7,4.3,2.0,1.0999999999999999,0.3,1.4000000000000001,3.1,3.1,1.0999999999999999,42.0,9.9,0.8999999999999999,2.8000000000000003,4.3,0.3,47.4,10.8,0.0,2.6,1.4000000000000001,4.3,4.3,0.0,2.6,0.0,31.8,0.3,1.0999999999999999,1.4000000000000001,0.0,8.5,0.0,0.8999999999999999,2.3,0.0,0.8999999999999999,0.0,3.1,0.6,14.499999999999998,1.7000000000000002,6.5,0.6,8.0,1.0999999999999999,0.0,0.3,352
network engineer,1.6,0.3,0.0,0.0,35.9,0.0,0.0,0.0,17.8,8.1,17.5,0.3,0.0,0.0,0.6,1.9,0.0,0.0,0.0,0.0,0.3,0.0,0.0,0.0,0.0,0.0,0.0,0.6,0.0,0.0,0.0,1.9,0.0,0.0,67.5,0.0,0.3,0.0,0.6,17.8,0.0,2.1999999999999997,0.0,0.0,0.0,0.0,0.0,0.0,0.6,0.0,4.3999999999999995,0.0,0.0,0.8999999999999999,0.0,0.0,0.0,0.0,0.0,0.0,0.6,0.6,0.8999999999999999,13.100000000000001,0.0,8.799999999999999,0.0,34.4,0.0,0.0,0.0,0.3,0.0,6.9,0.0,0.0,0.0,0.0,0.6,0.0,13.100000000000001,36.199999999999996,0.0,1.6,0.6,0.0,0.3,0.0,0.0,1.2,0.0,0.0,1.2,0.3,1.9,3.1,0.3,0.0,0.0,0.0,3.1,0.0,0.0,0.0,1.2,0.6,5.0,0.0,0.0,29.7,0.3,0.0,2.1999999999999997,0.6,1.2,3.8,3.1,3.8,0.0,0.0,0.6,0.8999999999999999,8.1,0.0,0.3,4.1000000000000005,5.8999999999999995,0.8999999999999999,0.6,0.0,0.0,0.6,4.7,0.0,0.0,0.0,8.1,0.6,0.0,0.0,65.3,3.8,0.0,0.0,0.0,0.0,4.3999999999999995,0.0,0.0,0.0,0.0,0.0,0.0,0.0,1.2,3.1,10.0,0.0,0.0,0.0,0.0,0.0,0.0,0.0,8.4,0.0,1.9,0.0,0.0,0.0,0.6,0.3,0.3,1.2,0.0,0.0,0.0,0.0,0.3,0.0,1.6,0.0,0.0,0.0,0.0,0.0,0.0,0.0,0.8999999999999999,0.0,10.299999999999999,0.0,3.8,1.2,0.0,0.0,320
java developer,63.9,1.6,9.4,9.700000000000001,0.0,6.9,0.0,1.3,0.8999999999999999,6.3,1.3,0.8999999999999999,0.6,0.6,0.0,0.0,0.3,0.3,0.6,0.0,0.3,1.9,0.6,0.8999999999999999,1.3,11.0,2.1999999999999997,6.0,0.0,0.0,21.0,12.9,0.8999999999999999,1.3,0.0,0.0,0.8999999999999999,0.3,1.9,0.0,11.600000000000001,0.0,2.8000000000000003,1.6,15.7,0.6,11.600000000000001,11.899999999999999,1.6,10.0,0.3,0.0,1.3,2.1999999999999997,2.1999999999999997,6.0,12.2,0.0,2.1999999999999997,3.1,0.0,0.3,0.8999999999999999,0.0,17.599999999999998,0.0,0.0,6.0,2.8000000000000003,15.4,0.3,3.1,6.0,0.8999999999999999,0.0,0.8999999999999999,11.899999999999999,0.6,22.900000000000002,5.0,0.6,0.0,8.5,2.1999999999999997,3.4000000000000004,0.8999999999999999,25.1,2.8000000000000003,27.900000000000002,100.0,33.900000000000006,0.3,2.5,2.1999999999999997,0.0,6.6000000000000005,0.8999999999999999,1.6,0.6,5.3,43.9,3.1,0.0,16.0,0.6,2.8000000000000003,3.1,1.6,1.3,32.300000000000004,1.6,0.0,1.3,0.0,6.6000000000000005,11.899999999999999,8.5,2.5,0.0,0.0,0.0,0.8999999999999999,1.9,4.7,0.0,0.6,6.9,7.8,2.8000000000000003,1.9,0.0,0.6,14.099999999999998,0.8999999999999999,18.5,0.6,3.8,1.9,3.4000000000000004,2.8000000000000003,0.0,0.0,0.0,21.9,6.0,3.4000000000000004,0.3,20.4,0.0,2.5,7.199999999999999,5.0,0.8999999999999999,0.0,0.0,0.6,0.0,37.0,18.8,10.7,11.0,9.700000000000001,4.1000000000000005,0.0,13.200000000000001,17.2,0.0,7.199999999999999,28.499999999999996,5.6000000000000005,22.3,0.0,2.8000000000000003,0.0,2.8000000000000003,1.6,2.8000000000000003,0.6,0.3,21.0,0.0,11.3,2.8000000000000003,0.0,0.6,0.3,0.3,0.0,4.7,0.3,0.3,0.3,0.6,0.0,0.3,0.3,319
data scientist,21.7,29.599999999999998,0.8999999999999999,0.0,0.0,29.2,0.0,5.3,0.8999999999999999,15.7,0.8999999999999999,0.0,0.0,2.8000000000000003,0.0,1.9,2.1999999999999997,0.3,15.1,16.400000000000002,0.0,3.1,13.8,5.0,0.0,0.0,0.8999999999999999,0.0,15.7,0.0,2.1999999999999997,2.8000000000000003,1.6,6.9,0.3,0.0,0.0,1.3,0.6,0.3,0.6,3.1,72.6,28.299999999999997,2.1999999999999997,17.9,15.1,0.3,2.1999999999999997,0.0,0.0,0.0,0.3,0.8999999999999999,10.100000000000001,0.8999999999999999,0.8999999999999999,0.6,0.8999999999999999,0.3,61.0,0.0,0.0,0.3,0.8999999999999999,0.0,0.0,1.6,2.1999999999999997,1.3,0.3,1.3,6.0,2.8000000000000003,0.8999999999999999,0.0,0.6,0.0,6.0,0.0,0.0,0.0,0.0,7.199999999999999,0.8999999999999999,9.1,0.3,0.0,0.6,10.4,3.5000000000000004,5.7,0.6,0.8999999999999999,0.0,79.2,49.7,0.6,0.0,9.700000000000001,48.1,0.3,0.8999999999999999,0.0,0.0,6.0,4.3999999999999995,3.5000000000000004,1.6,52.800000000000004,6.9,0.6,2.1999999999999997,0.3,4.7,22.0,6.6000000000000005,3.1,0.0,0.0,0.3,1.9,6.3,1.3,0.0,5.7,5.7,1.9,6.0,0.0,0.0,0.0,21.4,0.6,0.0,0.0,13.200000000000001,2.8000000000000003,0.0,1.6,0.0,0.0,0.0,4.7,0.3,4.3999999999999995,8.200000000000001,6.6000000000000005,1.6,1.6,1.9,19.8,7.199999999999999,0.0,0.0,0.0,0.0,0.0,2.8000000000000003,1.6,0.0,4.1000000000000005,1.6,0.0,6.9,1.9,0.6,3.5000000000000004,0.0,0.8999999999999999,2.1999999999999997,0.0,1.9,1.6,2.1999999999999997,0.0,0.3,0.0,8.200000000000001,7.5,0.0,0.0,23.599999999999998,0.6,1.3,15.7,0.0,11.600000000000001,1.9,0.0,0.0,0.0,0.0,1.3,0.0,0.0,318
data engineer,46.9,4.8,2.7,0.7000000000000001,0.0,44.2,4.1000000000000005,9.9,0.7000000000000001,29.5,2.7,0.0,0.0,2.1,0.0,0.7000000000000001,7.9,2.4,2.4,28.1,7.5,10.299999999999999,6.2,25.0,4.1000000000000005,1.0,5.1,2.1,1.0,0.0,1.7000000000000002,16.400000000000002,1.0,44.5,1.4000000000000001,0.0,1.0,1.4000000000000001,0.0,0.0,4.8,1.0,31.5,7.199999999999999,2.4,1.4000000000000001,23.3,0.7000000000000001,4.8,0.0,0.3,0.0,1.0,4.1000000000000005,4.8,5.5,9.6,0.3,3.1,4.1000000000000005,11.0,0.3,0.0,0.3,4.5,0.0,0.0,7.5,0.3,3.4000000000000004,0.0,0.3,7.9,2.1,0.0,0.0,1.0,0.0,4.5,0.7000000000000001,0.0,2.1,0.0,1.4000000000000001,7.5,4.8,0.3,0.0,1.4000000000000001,40.8,5.1,1.0,5.1,1.4000000000000001,0.7000000000000001,66.10000000000001,11.0,3.4000000000000004,0.0,29.099999999999998,67.5,0.0,1.0,5.1,0.0,2.7,4.8,0.3,2.1,42.8,5.1,1.0,4.5,1.7000000000000002,5.5,14.000000000000002,8.9,6.5,0.0,0.0,0.3,0.0,5.1,1.0,1.4000000000000001,5.5,4.8,0.3,2.4,2.7,0.0,0.0,37.0,0.0,1.0,0.3,13.4,4.1000000000000005,0.0,10.6,0.3,0.0,0.0,13.0,0.3,2.7,2.4,12.3,0.7000000000000001,7.9,0.0,44.5,25.0,0.0,0.0,0.0,0.0,0.7000000000000001,8.200000000000001,4.1000000000000005,0.0,27.1,2.7,0.0,15.8,2.1,0.0,13.4,0.0,3.1,10.299999999999999,0.0,3.1,0.0,2.4,1.4000000000000001,0.3,1.0,3.4000000000000004,12.3,0.0,1.0,44.9,2.7,7.199999999999999,12.3,0.3,2.4,10.299999999999999,0.0,0.3,0.3,0.3,0.3,0.0,0.0,292
solution architect,40.9,5.0,2.1,0.7000000000000001,0.0,9.3,0.0,3.2,1.0999999999999999,26.3,6.800000000000001,0.4,0.7000000000000001,5.0,1.4000000000000001,2.5,2.5,4.3,0.0,5.0,0.0,0.7000000000000001,0.7000000000000001,6.0,0.4,0.0,0.4,0.7000000000000001,0.4,0.0,5.7,18.099999999999998,2.5,3.5999999999999996,1.7999999999999998,0.0,1.0999999999999999,2.8000000000000003,0.0,1.0999999999999999,3.9,0.7000000000000001,8.200000000000001,0.4,7.5,3.5999999999999996,2.1,1.7999999999999998,2.5,0.0,0.4,0.0,0.7000000000000001,0.7000000000000001,5.7,2.1,1.4000000000000001,3.9,1.4000000000000001,0.0,4.3,0.0,1.7999999999999998,0.4,1.4000000000000001,5.0,1.0999999999999999,1.7999999999999998,2.8000000000000003,1.4000000000000001,0.0,0.7000000000000001,0.0,5.3,0.0,1.7999999999999998,1.7999999999999998,0.0,6.0,1.7999999999999998,0.4,0.7000000000000001,1.4000000000000001,3.2,7.8,2.1,1.0999999999999999,0.0,1.7999999999999998,14.899999999999999,7.1,0.0,0.0,1.0999999999999999,0.0,6.800000000000001,1.4000000000000001,0.0,0.0,1.7999999999999998,14.6,10.7,0.0,4.6,0.4,3.5999999999999996,1.7999999999999998,2.8000000000000003,7.1,54.1,3.2,0.4,0.4,0.0,2.8000000000000003,14.2,10.299999999999999,8.9,0.7000000000000001,0.0,0.7000000000000001,4.3,8.9,2.1,1.0999999999999999,8.5,3.9,4.6,1.4000000000000001,7.8,0.0,1.7999999999999998,31.7,0.7000000000000001,1.4000000000000001,2.1,27.0,1.7999999999999998,0.0,2.5,8.200000000000001,1.4000000000000001,0.0,2.8000000000000003,0.0,2.1,1.0999999999999999,1.0999999999999999,0.0,1.7999999999999998,0.0,5.0,1.0999999999999999,0.7000000000000001,0.0,0.7000000000000001,5.7,2.5,1.0999999999999999,1.0999999999999999,0.4,3.5999999999999996,0.7000000000000001,0.0,2.5,0.7000000000000001,0.7000000000000001,3.2,1.4000000000000001,1.4000000000000001,14.6,0.0,0.7000000000000001,0.4,4.3,0.0,1.0999999999999999,3.9,1.0999999999999999,6.0,3.2,3.2,3.2,0.4,1.7999999999999998,1.0999999999999999,0.0,0.0,1.4000000000000001,0.7000000000000001,4.3,0.0,0.7000000000000001,0.4,0.0,0.0,281
it support engineer,0.8,0.8,0.0,0.0,0.4,0.0,0.0,0.0,0.0,6.9,55.2,1.2,0.0,0.8,6.2,0.8,0.0,0.0,0.0,0.0,0.4,0.0,0.0,0.0,0.0,0.0,0.0,0.0,0.0,0.0,0.0,0.4,0.8,0.0,17.0,0.0,2.3,0.4,0.0,0.0,0.0,1.2,0.0,0.0,0.0,0.0,0.0,0.0,0.0,0.0,1.9,0.0,0.0,0.0,0.0,0.0,0.0,0.0,0.0,0.0,0.4,2.3,0.0,0.0,0.0,7.7,0.4,29.7,0.4,0.0,0.0,0.0,0.0,8.1,0.0,0.0,0.4,0.4,1.2,0.0,0.0,13.900000000000002,0.0,5.0,1.9,0.0,0.0,0.0,0.8,2.3,0.4,0.0,0.0,1.2,4.6,1.5,0.0,0.0,0.0,0.0,10.4,0.0,0.8,0.0,2.7,1.9,8.5,0.0,0.0,39.800000000000004,0.4,0.0,4.6,0.8,15.8,3.5000000000000004,6.6000000000000005,0.0,0.0,0.4,3.1,0.4,4.2,0.0,1.2,0.0,6.9,5.800000000000001,2.7,0.4,0.4,0.8,4.2,1.2,0.0,0.0,8.1,0.4,0.0,0.0,11.600000000000001,3.1,0.8,0.0,0.0,0.0,5.0,0.0,0.0,0.0,0.0,0.0,0.0,9.700000000000001,1.5,4.2,9.3,0.0,0.0,1.5,0.0,0.0,0.0,0.0,7.3,0.0,22.400000000000002,0.0,0.0,0.0,0.8,0.0,0.0,0.8,0.0,0.0,0.0,0.0,0.0,0.0,4.2,0.0,0.0,0.0,0.0,0.0,0.0,0.0,1.2,1.2,17.8,0.0,33.2,5.0,0.0,0.0,259
frontend developer,33.2,3.3000000000000003,3.3000000000000003,4.5,0.0,0.8,1.2,0.4,0.0,5.7,1.6,0.0,10.7,0.4,0.4,0.8,0.0,0.0,0.0,0.4,0.0,0.8,1.6,0.0,0.0,0.4,0.0,13.900000000000002,0.0,11.899999999999999,8.200000000000001,5.3,0.4,0.8,0.0,0.4,0.4,0.0,0.0,0.0,7.000000000000001,0.4,3.6999999999999997,2.5,1.6,0.4,1.6,2.0,0.0,0.4,0.0,0.0,1.6,0.4,13.100000000000001,0.0,0.4,0.0,1.6,2.0,0.0,0.0,0.0,0.0,7.8,0.0,0.0,12.3,0.4,12.3,0.4,28.299999999999997,16.0,0.0,10.7,2.5,22.5,7.3999999999999995,3.3000000000000003,4.9,4.5,0.0,7.000000000000001,0.8,7.3999999999999995,2.5,74.6,0.0,71.3,9.8,84.8,0.0,0.8,11.5,0.4,11.1,0.0,4.9,24.6,1.2,6.1,0.4,0.0,2.9000000000000004,0.4,1.2,6.6000000000000005,0.0,0.0,28.7,1.6,0.8,4.1000000000000005,0.8,4.1000000000000005,10.7,5.7,0.8,0.0,0.0,1.2,0.0,1.2,0.0,2.5,0.4,7.000000000000001,0.8,2.5,14.299999999999999,0.0,15.2,9.8,3.6999999999999997,32.4,4.5,4.5,0.4,15.2,0.4,0.0,0.0,6.1,9.0,0.4,2.5,3.6999999999999997,31.1,1.2,1.6,0.8,0.4,0.0,0.0,0.4,2.0,0.0,0.0,2.5,6.1,25.8,0.0,2.5,2.9000000000000004,7.000000000000001,0.0,1.6,2.0,6.1,16.0,0.8,16.0,4.1000000000000005,0.0,0.0,0.4,4.9,0.4,0.0,10.7,0.8,0.8,0.0,0.0,0.0,0.0,0.4,0.4,0.8,0.8,0.0,0.0,0.0,1.6,7.000000000000001,0.0,244
database administrator,12.3,0.4,0.0,0.0,0.0,1.7000000000000002,0.4,6.800000000000001,5.1,11.1,8.5,0.4,0.0,4.3,1.3,0.4,3.4000000000000004,4.7,0.0,0.8999999999999999,1.3,3.4000000000000004,1.3,11.899999999999999,71.89999999999999,2.6,8.9,0.0,0.0,0.0,0.4,4.7,0.4,12.8,0.0,0.0,3.4000000000000004,3.4000000000000004,0.0,0.0,0.0,1.3,0.0,0.0,0.8999999999999999,0.0,5.1,0.0,0.0,0.0,14.000000000000002,6.0,0.4,32.300000000000004,0.4,8.5,1.3,0.4,0.4,4.7,1.3,1.3,0.0,0.8999999999999999,0.4,0.0,0.0,19.1,1.3,0.4,0.0,0.0,0.8999999999999999,4.3,0.0,0.0,0.4,0.0,0.0,0.0,0.0,1.3,0.0,3.0,0.4,0.0,0.0,0.0,0.0,1.7000000000000002,0.4,0.0,0.8999999999999999,0.0,10.6,1.7000000000000002,0.4,0.4,0.0,0.0,77.0,0.0,0.0,0.4,0.8999999999999999,2.1,3.8,0.0,0.4,33.6,0.4,0.0,0.4,1.3,5.1,5.5,6.4,1.3,0.4,1.7000000000000002,3.8,0.4,4.3,0.4,0.4,0.8999999999999999,6.800000000000001,0.8999999999999999,4.7,1.3,0.4,0.0,6.4,0.0,0.0,0.4,20.4,0.8999999999999999,0.0,0.4,0.0,0.0,0.0,0.0,0.4,0.4,3.8,2.1,0.0,0.0,0.0,0.0,0.0,0.4,0.0,0.0,10.2,0.0,0.8999999999999999,0.8999999999999999,0.0,0.0,0.4,0.0,15.299999999999999,0.0,3.4000000000000004,9.8,0.4,0.0,34.9,0.0,5.5,0.0,0.4,0.0,0.0,0.4,0.0,0.8999999999999999,0.4,0.0,0.0,4.7,19.1,1.7000000000000002,0.0,0.0,5.1,2.1,2.1,0.0,3.8,0.8999999999999999,0.0,0.0,235
it technician,0.0,0.0,0.0,0.0,0.0,0.0,0.0,0.0,0.0,9.5,65.8,0.0,0.0,2.7,9.9,1.7999999999999998,0.0,0.0,0.0,0.0,0.0,0.0,0.0,0.0,0.0,0.0,0.0,1.7999999999999998,0.0,0.0,0.0,0.0,1.4000000000000001,0.0,9.9,0.0,2.7,0.5,0.0,0.0,0.0,0.8999999999999999,0.0,0.5,0.0,0.0,0.0,0.0,0.0,0.0,0.8999999999999999,0.0,0.0,0.0,0.0,0.0,0.0,0.5,0.0,0.0,0.0,0.8999999999999999,0.0,0.0,0.0,6.3,0.0,27.500000000000004,0.0,0.0,0.0,0.0,0.0,6.3,0.0,0.5,0.0,0.0,1.4000000000000001,0.0,0.0,8.1,0.0,1.7999999999999998,0.5,0.0,0.5,0.0,0.5,0.0,0.0,0.0,0.0,0.0,2.3,0.5,0.0,0.0,0.0,0.0,8.6,0.0,0.5,0.0,5.0,0.8999999999999999,10.8,0.0,0.0,45.9,0.0,0.0,5.4,2.3,5.4,3.2,9.9,0.0,0.0,0.5,2.7,0.8999999999999999,7.7,0.0,0.5,0.0,6.800000000000001,2.3,2.7,0.8999999999999999,0.8999999999999999,0.8999999999999999,0.5,5.0,0.5,0.0,2.3,0.0,0.0,0.0,3.5999999999999996,4.1000000000000005,0.0,0.0,0.5,0.0,2.7,0.0,0.0,0.0,0.0,0.0,0.0,3.5999999999999996,0.5,4.5,4.1000000000000005,0.0,0.5,0.0,0.0,0.0,0.0,0.0,6.800000000000001,0.0,21.2,0.0,0.0,0.0,0.0,0.0,0.0,0.5,0.0,0.0,0.0,0.0,0.0,0.0,3.5999999999999996,0.0,0.0,0.0,0.0,0.0,0.0,0.0,0.8999999999999999,0.5,5.8999999999999995,0.0,14.899999999999999,2.3,0.0,0.0,222
developer,50.8,1.0999999999999999,8.5,6.9,0.0,1.6,0.5,1.0999999999999999,0.0,13.8,2.6,4.8,0.0,3.6999999999999997,1.6,0.0,0.0,0.5,0.0,0.0,1.6,1.0999999999999999,0.5,0.5,0.0,0.5,2.6,2.1,0.0,0.0,7.3999999999999995,18.0,1.6,2.6,1.6,0.0,0.0,2.1,0.0,0.0,7.3999999999999995,0.0,2.6,1.6,3.6999999999999997,0.5,4.8,3.6999999999999997,1.6,1.0999999999999999,0.0,0.0,0.5,1.6,3.6999999999999997,6.3,2.6,0.5,6.3,5.3,0.0,0.0,0.0,0.0,11.1,0.0,0.0,4.2,0.5,12.7,0.0,5.800000000000001,6.9,0.5,0.5,10.6,7.3999999999999995,1.0999999999999999,10.6,1.6,0.0,0.0,2.1,6.3,58.699999999999996,11.1,35.4,0.0,38.1,25.900000000000002,48.699999999999996,0.0,1.0999999999999999,13.8,1.6,11.600000000000001,1.0999999999999999,4.2,1.6,2.6,49.7,2.1,1.0999999999999999,6.9,0.0,1.0999999999999999,6.3,0.0,0.5,42.9,2.6,1.0999999999999999,0.5,0.5,3.6999999999999997,14.799999999999999,4.2,2.6,0.0,0.0,2.1,0.0,7.3999999999999995,0.0,0.5,0.0,10.6,0.5,2.1,51.300000000000004,0.0,0.5,9.5,3.6999999999999997,21.7,20.1,17.5,0.5,4.2,2.1,0.0,0.5,2.1,5.3,1.0999999999999999,2.1,3.6999999999999997,16.900000000000002,0.0,0.5,0.5,1.6,0.5,0.0,3.6999999999999997,3.2,0.0,2.1,8.5,4.8,14.799999999999999,1.6,7.3999999999999995,1.0999999999999999,14.299999999999999,0.5,1.0999999999999999,4.2,20.599999999999998,9.0,6.9,0.0,1.6,0.0,4.2,0.5,0.5,0.0,0.0,19.6,1.6,5.800000000000001,0.5,1.0999999999999999,2.6,0.5,2.1,0.0,2.6,9.5,0.5,4.8,0.5,0.5,1.0999999999999999,3.2,189
systems engineer,12.0,1.0999999999999999,0.0,0.0,2.7,3.8,0.5,0.5,1.0999999999999999,16.8,28.299999999999997,10.9,0.0,1.0999999999999999,1.0999999999999999,3.3000000000000003,0.0,0.0,0.5,0.0,1.6,0.0,0.5,0.0,4.3,0.0,0.0,1.6,1.0999999999999999,0.0,0.0,9.2,1.6,0.0,22.8,0.0,2.7,3.8,0.5,2.7,1.0999999999999999,1.6,4.3,2.1999999999999997,0.0,0.0,1.6,0.0,0.5,0.0,4.9,1.6,0.0,0.5,0.5,1.0999999999999999,0.0,1.6,0.0,0.5,1.6,8.200000000000001,4.3,12.0,0.0,4.9,0.0,17.9,0.5,0.5,0.0,0.0,2.7,17.4,0.0,0.5,3.8,0.0,1.0999999999999999,1.0999999999999999,0.0,8.200000000000001,0.0,12.0,1.0999999999999999,9.2,0.5,0.0,0.5,3.3000000000000003,3.3000000000000003,1.6,7.6,0.5,14.099999999999998,21.2,1.0999999999999999,1.0999999999999999,0.0,0.0,21.7,0.0,0.0,0.0,6.5,1.6,3.3000000000000003,0.0,0.0,44.0,0.0,1.0999999999999999,3.8,1.0999999999999999,4.9,8.200000000000001,6.0,3.3000000000000003,0.0,0.0,2.7,1.6,4.3,1.0999999999999999,0.5,1.6,13.0,2.1999999999999997,2.7,1.6,0.0,0.0,14.099999999999998,0.5,0.0,0.0,20.1,8.200000000000001,0.0,0.0,21.7,14.7,0.5,10.9,0.5,0.0,2.7,8.200000000000001,0.0,0.0,0.0,1.0999999999999999,0.5,12.5,4.9,1.0999999999999999,7.6,0.0,6.0,3.3000000000000003,0.0,1.0999999999999999,4.3,0.0,32.6,0.0,5.4,0.5,0.0,0.5,1.6,0.0,1.6,1.0999999999999999,13.0,0.0,0.5,0.0,0.0,8.7,3.8,0.5,0.5,0.0,0.0,0.0,3.8,0.0,4.9,1.0999999999999999,46.7,0.0,31.5,1.6,0.0,0.0,184
.net developer,47.699999999999996,2.9000000000000004,11.5,4.6,0.0,1.7000000000000002,1.7000000000000002,0.0,0.0,8.0,0.0,0.6,0.6,2.9000000000000004,0.0,0.0,0.0,0.0,0.0,0.6,0.6,0.0,0.0,0.6,1.0999999999999999,0.6,9.2,3.4000000000000004,0.0,0.6,10.9,9.8,1.0999999999999999,0.6,0.0,0.0,0.6,0.6,1.7000000000000002,0.0,10.299999999999999,0.0,2.3,0.6,3.4000000000000004,0.0,4.6,5.2,0.0,1.0999999999999999,0.0,1.0999999999999999,1.7000000000000002,1.7000000000000002,0.0,0.6,1.7000000000000002,1.0999999999999999,2.3,8.6,4.0,0.6,0.6,0.0,16.1,0.0,0.0,8.6,1.7000000000000002,19.0,0.0,4.6,10.299999999999999,0.6,0.0,23.0,16.1,1.7000000000000002,20.7,5.2,0.0,0.0,9.8,4.6,81.6,0.0,39.7,0.0,41.4,5.7,51.1,0.0,0.0,1.7000000000000002,7.5,0.6,0.0,2.3,4.0,0.6,70.7,0.6,1.7000000000000002,16.1,2.3,0.6,8.0,0.0,0.0,41.4,1.0999999999999999,0.0,0.6,1.7000000000000002,4.0,7.5,8.0,0.0,0.6,0.0,1.0999999999999999,0.0,5.2,0.6,0.0,0.6,7.5,0.6,4.0,91.4,0.6,0.6,10.299999999999999,6.3,18.4,48.9,23.0,0.6,14.899999999999999,0.0,0.0,0.0,5.7,4.6,0.0,0.6,1.7000000000000002,17.8,0.0,0.0,0.0,0.0,0.0,0.0,4.6,1.7000000000000002,0.6,0.0,5.7,8.0,23.0,0.0,4.0,0.0,1.7000000000000002,0.0,2.9000000000000004,5.7,43.1,0.6,7.5,0.0,0.6,0.0,0.0,1.0999999999999999,0.6,0.0,0.0,13.8,4.6,11.5,0.0,0.0,5.2,0.0,3.4000000000000004,0.0,0.0,14.399999999999999,0.0,9.2,1.7000000000000002,0.6,0.0,8.0,174
solutions architect,32.2,5.3,7.6,1.7999999999999998,0.6,6.4,0.0,0.0,0.6,20.5,9.4,0.0,0.0,2.3,0.0,2.9000000000000004,1.2,0.6,0.0,2.9000000000000004,0.6,1.2,0.6,1.7999999999999998,0.6,0.0,0.6,0.6,1.2,0.0,9.9,9.9,4.7,1.2,8.799999999999999,0.0,2.3,1.7999999999999998,0.0,0.6,0.6,0.0,4.7,0.0,5.3,0.0,5.3,0.0,2.3,1.2,1.2,1.2,0.0,0.0,1.7999999999999998,0.6,1.2,0.0,1.2,0.6,0.0,0.6,0.6,0.6,3.5000000000000004,0.0,0.0,5.3,1.2,0.6,0.0,0.0,0.6,3.5000000000000004,0.0,8.200000000000001,0.6,0.0,7.6,0.6,0.0,4.1000000000000005,0.0,3.5000000000000004,18.099999999999998,2.3,1.7999999999999998,0.0,2.3,12.3,12.3,0.0,1.2,1.2,1.7999999999999998,7.6,0.6,1.2,0.0,0.6,21.099999999999998,4.1000000000000005,0.0,1.7999999999999998,0.0,1.7999999999999998,1.7999999999999998,1.7999999999999998,1.7999999999999998,42.699999999999996,2.3,0.0,4.7,0.0,2.9000000000000004,15.8,8.200000000000001,4.1000000000000005,0.0,0.0,0.0,6.4,7.000000000000001,0.0,0.6,8.799999999999999,5.800000000000001,0.0,2.3,15.8,0.0,1.7999999999999998,31.0,1.2,5.3,1.2,18.099999999999998,2.3,1.2,1.2,8.200000000000001,4.7,2.3,2.3,0.0,0.6,1.7999999999999998,2.9000000000000004,0.0,1.2,0.0,0.6,0.0,0.6,1.2,1.7999999999999998,10.5,3.5000000000000004,1.2,2.9000000000000004,0.6,0.6,1.7999999999999998,0.0,6.4,0.0,0.0,1.2,7.6,2.3,15.2,0.0,1.7999999999999998,0.0,1.7999999999999998,0.0,0.0,5.800000000000001,0.6,4.7,2.3,0.6,2.3,0.0,1.7999999999999998,0.0,0.0,1.7999999999999998,1.7999999999999998,1.2,8.200000000000001,0.0,1.7999999999999998,0.0,0.0,0.0,171
service desk analyst,0.6,0.0,0.0,0.0,0.0,0.0,0.0,0.0,0.0,0.6,45.800000000000004,3.5999999999999996,0.0,1.7999999999999998,4.2,0.0,0.0,0.0,0.0,0.0,0.0,0.0,0.0,0.0,0.0,0.0,0.0,0.0,0.0,0.0,0.0,1.2,0.0,0.0,0.6,0.0,0.0,4.2,0.0,0.0,0.0,3.0,0.0,1.7999999999999998,0.0,0.0,0.0,0.0,0.0,0.0,1.7999999999999998,0.0,0.0,0.0,0.0,0.0,0.0,0.0,0.0,0.0,0.0,0.0,0.0,0.6,0.0,5.4,0.0,32.5,0.0,0.0,0.0,0.0,0.0,0.0,0.0,0.0,0.0,0.0,0.6,0.0,0.0,9.0,0.0,2.4,0.0,0.0,0.0,0.0,0.0,0.0,0.0,0.0,0.0,0.0,0.6,0.6,0.0,0.0,0.0,0.0,4.8,0.0,1.2,0.0,6.0,6.6000000000000005,4.8,0.0,0.0,53.0,1.7999999999999998,0.6,4.2,0.0,7.8,0.6,8.4,0.0,2.4,0.0,6.6000000000000005,1.2,0.6,0.0,0.0,0.0,4.2,4.8,0.6,0.0,0.0,1.7999999999999998,0.6,6.6000000000000005,0.0,0.0,1.7999999999999998,0.6,0.0,0.0,9.0,4.8,1.2,0.6,0.0,0.0,7.8,0.0,0.0,0.0,0.0,0.0,0.0,0.6,0.0,6.6000000000000005,43.4,0.0,0.6,0.6,0.0,0.0,0.0,0.0,1.2,0.0,31.3,0.0,0.0,0.0,0.6,0.0,0.0,2.4,0.6,0.0,0.0,0.0,0.0,0.0,1.7999999999999998,0.0,0.0,0.0,0.0,0.0,0.0,0.0,0.0,0.0,0.6,0.0,4.2,3.5999999999999996,0.0,0.0,166
product manager,53.800000000000004,8.1,0.6,0.0,0.0,2.5,0.0,3.8,0.0,1.9,1.2,0.0,0.6,4.3999999999999995,4.3999999999999995,0.6,1.9,0.0,0.0,0.6,0.0,1.9,0.0,0.0,0.0,0.0,0.0,0.0,0.6,0.0,1.9,3.1,0.0,2.5,0.0,0.0,0.0,1.2,0.0,0.0,1.9,10.6,8.1,1.2,3.8,0.0,0.0,2.5,0.0,0.0,0.0,0.0,0.0,0.0,8.799999999999999,0.0,1.2,0.0,1.2,0.0,2.5,0.0,1.2,0.6,0.0,0.0,1.9,1.2,2.5,0.0,11.200000000000001,15.0,0.0,0.0,0.0,0.0,4.3999999999999995,0.0,3.8,4.3999999999999995,3.8,0.0,1.2,0.0,0.0,1.9,3.1,0.0,3.1,3.8,3.1,0.0,0.0,0.6,0.0,2.5,0.6,0.6,0.0,0.0,15.0,0.0,0.0,1.2,0.6,8.1,13.100000000000001,2.5,1.9,64.4,4.3999999999999995,1.2,0.6,0.0,2.5,20.0,7.5,5.0,3.1,0.0,0.6,5.6000000000000005,16.2,1.2,1.2,9.4,10.6,0.6,1.2,0.6,0.0,0.6,1.9,10.0,0.0,0.0,1.9,0.0,0.0,0.0,0.0,0.0,3.1,0.6,0.0,0.0,10.6,0.6,6.2,0.6,0.0,3.8,0.6,0.0,0.0,9.4,1.9,0.0,0.0,11.200000000000001,0.0,1.2,3.1,0.0,1.2,0.0,1.2,0.0,0.0,0.0,3.8,0.0,0.0,1.2,0.0,0.0,0.0,0.0,0.6,15.6,0.6,0.0,3.1,0.0,0.0,3.8,0.0,0.0,1.2,0.0,0.0,0.0,0.0,1.2,0.0,0.0,160
software tester,67.7,0.0,62.6,9.0,0.0,0.0,0.0,0.0,0.0,0.6,5.800000000000001,1.3,0.0,2.6,1.3,0.0,0.0,0.6,0.0,0.0,0.0,0.6,0.0,0.0,0.0,0.0,0.0,1.3,0.0,0.6,1.3,4.5,3.2,1.9,0.0,0.0,0.0,0.6,3.9,0.0,2.6,0.0,0.0,2.6,0.0,0.0,0.0,0.6,0.0,0.0,0.6,0.0,13.5,0.0,0.0,0.0,2.6,0.0,11.600000000000001,2.6,0.0,0.0,3.2,0.0,2.6,0.0,40.0,4.5,18.7,12.3,0.0,1.3,1.3,0.0,0.0,0.0,4.5,0.6,2.6,6.5,0.0,0.0,3.9,1.9,16.1,1.3,3.9,0.0,7.7,24.5,9.700000000000001,0.0,1.3,3.2,0.0,10.299999999999999,0.0,2.6,0.0,0.0,30.3,0.0,1.9,5.2,2.6,3.2,11.0,0.6,0.0,36.8,1.9,0.0,7.7,0.0,4.5,5.2,3.9,0.0,0.0,0.0,2.6,0.0,5.2,0.0,0.0,0.0,12.3,8.4,2.6,9.0,0.6,0.0,2.6,5.2,1.3,1.3,1.9,0.6,0.6,0.0,0.0,2.6,0.0,0.0,0.6,0.0,0.6,5.2,0.0,0.0,0.0,0.0,0.0,0.0,0.0,4.5,0.6,0.6,11.0,22.6,0.6,0.0,3.9,0.6,3.2,5.800000000000001,1.9,0.6,2.6,0.6,5.2,0.0,0.6,0.6,0.0,0.0,0.6,0.6,2.6,15.5,0.0,2.6,0.0,0.0,0.0,0.0,0.0,0.0,1.9,1.9,0.6,0.6,0.0,7.1,0.0,0.0,155
it project manager,43.1,2.0,0.7000000000000001,1.3,0.0,0.7000000000000001,0.0,0.7000000000000001,0.0,6.5,7.199999999999999,1.3,0.0,5.2,0.0,2.6,0.0,3.3000000000000003,0.0,0.0,0.0,0.0,0.0,0.7000000000000001,0.7000000000000001,0.0,0.0,0.0,0.0,0.0,0.0,1.3,9.8,0.0,1.3,0.0,3.3000000000000003,4.6,0.7000000000000001,0.0,0.0,0.0,2.0,0.0,0.0,0.0,0.0,0.0,0.0,0.0,0.0,0.7000000000000001,0.0,0.0,0.0,0.0,0.0,0.0,7.8,0.0,2.0,0.7000000000000001,1.3,0.0,0.7000000000000001,1.3,0.0,3.9,0.0,0.0,0.0,0.0,1.3,0.0,0.0,0.7000000000000001,0.0,0.0,0.0,13.700000000000001,0.7000000000000001,5.8999999999999995,0.0,1.3,0.7000000000000001,0.7000000000000001,0.0,0.0,0.0,0.7000000000000001,0.0,0.0,0.0,0.0,0.0,0.0,0.0,0.0,0.0,0.0,2.0,0.0,0.7000000000000001,1.3,0.7000000000000001,4.6,15.7,1.3,2.6,60.099999999999994,0.0,0.7000000000000001,0.0,2.0,4.6,3.9,11.1,0.7000000000000001,2.0,0.7000000000000001,2.6,2.6,75.8,20.9,0.0,28.1,5.2,2.6,0.7000000000000001,1.3,0.0,0.0,2.0,2.0,0.7000000000000001,0.7000000000000001,1.3,0.0,0.0,0.0,3.3000000000000003,2.0,0.7000000000000001,0.0,0.7000000000000001,0.0,7.199999999999999,0.7000000000000001,0.0,0.0,0.0,0.0,0.0,0.0,0.7000000000000001,0.0,13.700000000000001,0.0,0.7000000000000001,5.8999999999999995,0.0,0.0,1.3,0.0,0.7000000000000001,0.0,21.6,0.0,0.0,0.0,2.6,0.0,0.0,3.3000000000000003,0.0,0.0,0.0,3.9,0.0,11.1,2.0,0.0,0.0,0.0,0.0,0.0,0.0,0.0,0.0,0.0,0.7000000000000001,0.0,0.0,7.8,0.0,0.0,153
full stack developer,44.4,4.0,8.6,11.899999999999999,0.0,2.6,0.7000000000000001,1.3,0.0,13.900000000000002,2.0,2.6,0.7000000000000001,2.0,0.7000000000000001,0.0,0.7000000000000001,0.7000000000000001,0.0,2.0,0.0,2.6,2.0,0.7000000000000001,0.7000000000000001,0.0,2.6,8.6,0.0,0.0,7.3,12.6,0.0,1.3,0.0,14.6,1.3,0.0,0.7000000000000001,0.0,6.0,0.0,7.3,0.0,9.3,2.0,9.9,0.0,0.0,3.3000000000000003,0.0,0.7000000000000001,1.3,2.0,5.3,0.7000000000000001,4.0,0.7000000000000001,3.3000000000000003,8.6,1.3,2.0,0.0,0.0,19.2,0.0,0.0,6.0,0.7000000000000001,10.6,0.0,7.9,6.6000000000000005,0.0,0.7000000000000001,13.900000000000002,26.5,19.2,11.899999999999999,6.0,2.6,0.0,4.6,3.3000000000000003,29.799999999999997,1.3,59.599999999999994,0.0,62.3,38.4,82.8,0.0,1.3,35.099999999999994,2.0,29.799999999999997,1.3,19.900000000000002,11.3,0.0,37.7,1.3,0.0,6.0,0.7000000000000001,1.3,21.9,0.0,0.0,44.4,4.6,0.0,0.0,0.0,4.0,6.6000000000000005,2.0,0.7000000000000001,0.0,0.0,1.3,0.0,15.9,1.3,0.0,0.0,7.3,1.3,3.3000000000000003,35.8,0.0,0.0,34.4,4.0,51.7,12.6,15.9,2.6,17.2,2.0,0.0,0.0,5.3,14.6,0.7000000000000001,4.0,0.7000000000000001,27.200000000000003,0.0,1.3,0.0,0.0,0.0,0.0,0.7000000000000001,3.3000000000000003,0.0,3.3000000000000003,9.3,4.0,14.6,2.6,5.3,8.6,7.9,3.3000000000000003,1.3,28.499999999999996,17.2,19.900000000000002,20.5,2.6,7.3,0.0,2.0,4.6,3.3000000000000003,0.0,0.7000000000000001,17.2,0.7000000000000001,4.6,0.0,0.7000000000000001,2.0,0.0,1.3,0.7000000000000001,1.3,4.6,0.0,4.6,2.6,0.7000000000000001,4.6,1.3,151
systems analyst,20.7,0.0,1.3,0.0,0.0,2.0,0.7000000000000001,6.0,0.0,6.7,5.3,2.0,0.7000000000000001,6.7,0.0,0.0,0.0,4.0,1.3,1.3,0.0,1.3,0.0,1.3,3.3000000000000003,0.0,2.7,1.3,0.0,0.0,0.0,3.3000000000000003,8.0,2.0,0.7000000000000001,0.0,2.7,11.3,1.3,0.0,0.7000000000000001,2.7,2.0,2.0,0.7000000000000001,0.0,0.7000000000000001,0.7000000000000001,0.0,0.0,2.0,1.3,0.7000000000000001,0.7000000000000001,1.3,2.0,0.7000000000000001,0.0,1.3,0.0,1.3,6.7,2.0,1.3,0.0,0.0,2.0,11.3,9.3,0.0,0.0,0.7000000000000001,0.7000000000000001,0.7000000000000001,0.0,0.7000000000000001,2.0,0.0,8.0,1.3,0.7000000000000001,0.7000000000000001,0.0,1.3,4.7,0.0,3.3000000000000003,0.0,2.7,4.0,2.7,0.0,0.7000000000000001,0.7000000000000001,2.7,2.0,1.3,1.3,0.0,1.3,45.300000000000004,2.7,3.3000000000000003,1.3,0.7000000000000001,6.7,10.7,0.0,10.7,54.7,0.7000000000000001,0.0,2.7,3.3000000000000003,7.3,6.0,13.3,0.0,0.0,1.3,4.0,0.7000000000000001,14.000000000000002,0.0,0.0,2.7,8.0,2.7,0.7000000000000001,2.0,2.7,0.0,4.0,2.0,2.0,0.7000000000000001,6.7,0.0,0.7000000000000001,0.0,0.0,0.0,0.0,0.7000000000000001,0.0,0.0,16.0,2.0,1.3,0.0,0.0,1.3,1.3,1.3,0.7000000000000001,0.7000000000000001,6.0,0.7000000000000001,1.3,2.0,0.0,0.0,1.3,0.0,4.0,0.7000000000000001,6.0,1.3,0.7000000000000001,1.3,7.3,1.3,0.0,2.7,0.0,0.0,1.3,2.7,0.0,6.7,8.0,1.3,1.3,2.0,4.7,2.7,0.0,0.0,1.3,1.3,2.0,0.0,6.0,2.7,0.0,0.0,150
technical architect,50.0,0.7000000000000001,0.7000000000000001,0.0,0.0,8.200000000000001,0.0,0.7000000000000001,0.7000000000000001,22.6,9.6,3.4000000000000004,0.0,5.5,1.4000000000000001,0.0,2.1,4.8,0.0,2.7,0.7000000000000001,0.0,0.0,1.4000000000000001,0.7000000000000001,0.0,2.1,3.4000000000000004,0.0,0.0,4.8,16.400000000000002,4.1000000000000005,3.4000000000000004,2.7,0.0,0.7000000000000001,4.8,0.7000000000000001,0.0,16.400000000000002,0.7000000000000001,3.4000000000000004,0.0,10.299999999999999,0.0,6.800000000000001,2.7,3.4000000000000004,1.4000000000000001,1.4000000000000001,1.4000000000000001,2.7,4.8,10.299999999999999,3.4000000000000004,3.4000000000000004,0.7000000000000001,4.1000000000000005,8.200000000000001,0.0,4.1000000000000005,2.7,2.7,0.7000000000000001,0.0,0.7000000000000001,6.800000000000001,2.1,2.1,0.0,3.4000000000000004,1.4000000000000001,5.5,0.0,2.7,1.4000000000000001,0.0,11.600000000000001,2.1,0.7000000000000001,2.1,4.1000000000000005,4.1000000000000005,14.399999999999999,1.4000000000000001,8.200000000000001,0.0,10.299999999999999,29.5,19.900000000000002,0.0,2.1,1.4000000000000001,6.2,9.6,0.7000000000000001,6.2,0.0,2.7,16.400000000000002,3.4000000000000004,0.0,6.2,0.0,2.7,4.1000000000000005,5.5,0.7000000000000001,57.49999999999999,3.4000000000000004,0.7000000000000001,0.7000000000000001,0.7000000000000001,2.7,26.700000000000003,8.9,13.700000000000001,0.0,0.0,2.1,2.7,17.1,11.600000000000001,0.0,6.2,6.800000000000001,2.7,2.7,11.600000000000001,0.0,1.4000000000000001,26.700000000000003,1.4000000000000001,8.9,7.5,17.8,0.7000000000000001,2.1,0.7000000000000001,2.7,2.7,0.0,6.2,1.4000000000000001,0.0,0.7000000000000001,4.8,0.0,4.8,0.0,2.7,0.0,2.1,0.7000000000000001,1.4000000000000001,4.8,6.2,6.800000000000001,3.4000000000000004,8.9,1.4000000000000001,3.4000000000000004,0.0,10.299999999999999,4.1000000000000005,1.4000000000000001,2.7,6.2,4.1000000000000005,17.8,0.7000000000000001,2.1,0.0,4.1000000000000005,2.7,0.0,17.8,0.7000000000000001,12.3,5.5,4.1000000000000005,3.4000000000000004,0.7000000000000001,4.1000000000000005,0.0,0.0,0.0,5.5,4.8,6.800000000000001,2.1,2.7,0.0,0.0,2.7,146
application developer,26.200000000000003,0.8,4.6,1.5,0.0,4.6,0.0,2.3,0.0,4.6,0.0,0.0,0.0,3.8,0.8,0.0,1.5,0.0,0.0,1.5,0.0,3.1,0.8,2.3,0.8,0.0,3.8,0.8,0.0,0.0,2.3,3.8,2.3,1.5,0.0,0.0,1.5,3.1,0.8,0.0,7.7,0.0,0.0,0.0,3.1,0.0,5.4,3.1,3.1,0.0,0.0,2.3,0.0,0.0,2.3,2.3,5.4,0.0,16.900000000000002,4.6,0.0,1.5,0.0,0.0,7.7,0.8,0.0,3.1,1.5,6.2,0.0,5.4,3.8,0.8,0.0,5.4,15.4,0.0,10.8,5.4,0.0,0.0,3.8,6.9,56.2,26.900000000000002,27.700000000000003,1.5,31.5,43.8,34.599999999999994,0.0,3.1,9.2,1.5,11.5,1.5,26.900000000000002,3.1,0.0,32.300000000000004,0.0,1.5,8.5,0.0,1.5,3.1,2.3,2.3,42.3,2.3,0.8,2.3,0.0,3.1,8.5,6.2,5.4,0.0,0.0,0.0,0.0,5.4,2.3,0.0,0.8,3.8,0.0,1.5,50.8,0.8,0.8,6.2,3.1,8.5,19.2,8.5,3.1,8.5,0.0,0.0,0.0,0.0,4.6,1.5,0.0,3.1,14.6,0.0,0.0,0.8,0.0,0.0,0.0,7.7,3.1,0.8,1.5,3.1,4.6,23.1,0.0,0.0,3.1,10.8,3.1,2.3,3.8,16.2,2.3,10.0,0.0,1.5,0.0,1.5,0.0,1.5,0.0,0.0,3.1,0.8,6.2,0.0,0.0,0.8,0.8,1.5,0.0,3.8,8.5,0.8,3.8,0.0,0.0,0.0,2.3,130
it helpdesk,1.6,0.0,0.0,0.0,0.0,0.0,0.0,0.0,0.0,4.7,48.8,0.0,0.0,3.1,2.4,0.8,0.0,0.0,0.0,0.0,0.0,0.0,0.0,0.0,0.0,0.0,0.0,0.0,0.0,0.0,0.0,0.0,1.6,0.0,3.9,0.0,0.0,0.8,0.0,0.0,0.0,2.4,0.0,0.0,0.0,0.0,0.0,0.0,0.0,0.0,1.6,0.0,0.0,0.0,0.0,0.0,0.0,0.0,0.0,0.0,0.8,0.0,0.0,0.0,0.0,6.3,0.0,26.0,0.0,0.0,0.0,0.0,0.0,2.4,0.0,0.0,0.0,0.0,0.0,0.0,0.0,3.1,0.0,9.4,0.0,0.0,2.4,0.0,0.0,0.0,0.0,0.0,0.0,0.0,0.8,0.0,0.0,0.0,0.0,0.0,7.1,0.0,0.0,0.0,3.1,7.9,11.0,0.0,0.0,62.2,0.8,0.0,4.7,2.4,7.1,2.4,12.6,0.0,0.0,0.0,8.7,0.0,10.2,0.0,1.6,0.0,5.5,4.7,0.8,0.0,1.6,0.0,0.0,0.0,0.0,0.0,0.0,0.0,0.0,0.0,8.7,3.9,0.0,0.0,0.0,0.0,3.9,0.0,0.0,0.0,0.0,0.0,0.0,2.4,0.0,1.6,15.0,0.0,0.0,0.0,0.0,0.0,0.0,0.0,2.4,0.0,15.0,0.0,0.0,0.0,0.0,0.0,0.0,0.0,0.0,0.0,0.0,0.0,0.0,0.0,3.1,0.0,0.0,0.0,0.0,0.0,0.0,0.0,0.8,0.0,3.9,0.0,15.7,2.4,0.0,0.0,127
it consultant,29.4,0.0,8.7,4.8,0.8,1.6,0.0,3.2,6.3,7.1,46.0,6.3,0.0,1.6,2.4,1.6,0.0,0.0,0.0,1.6,0.8,0.0,0.0,1.6,2.4,0.0,0.8,4.0,0.0,0.0,1.6,11.1,2.4,3.2,4.8,0.0,0.0,0.8,0.0,0.0,4.8,0.8,0.0,2.4,0.8,0.0,3.2,0.8,0.0,2.4,0.8,0.0,2.4,0.8,0.0,4.0,3.2,2.4,11.899999999999999,0.8,0.0,0.8,0.8,0.0,2.4,0.0,3.2,48.4,2.4,2.4,0.0,0.8,4.8,3.2,0.0,0.8,2.4,0.8,3.2,1.6,0.0,4.8,0.0,8.7,7.9,4.8,4.8,0.0,11.1,19.8,4.8,0.0,5.6000000000000005,6.3,1.6,12.7,0.0,5.6000000000000005,0.0,2.4,24.6,0.0,1.6,12.7,0.0,5.6000000000000005,1.6,1.6,4.8,73.8,0.0,0.8,7.9,0.8,4.8,3.2,42.9,0.0,0.0,0.0,4.8,35.699999999999996,47.599999999999994,0.8,0.8,1.6,40.5,2.4,4.8,5.6000000000000005,1.6,0.0,5.6000000000000005,0.8,3.2,2.4,7.1,2.4,0.8,0.0,3.2,4.8,1.6,1.6,2.4,0.0,7.1,10.299999999999999,0.0,0.8,0.0,1.6,1.6,3.2,0.8,1.6,4.0,0.8,7.9,9.5,1.6,0.8,0.0,0.0,6.3,0.0,7.9,0.0,2.4,0.0,4.8,0.0,0.0,0.8,0.8,0.0,0.8,1.6,0.0,14.299999999999999,3.2,4.0,0.8,0.8,3.2,0.8,0.0,0.0,4.0,1.6,5.6000000000000005,0.8,5.6000000000000005,3.2,0.0,0.8,126
php developer,11.700000000000001,3.3000000000000003,5.0,1.7000000000000002,0.0,0.0,0.8,0.0,0.0,3.3000000000000003,0.0,0.0,0.8,2.5,0.0,0.0,0.8,0.8,0.0,0.0,2.5,1.7000000000000002,0.0,0.0,0.8,0.0,5.0,4.2,0.0,2.5,6.7,3.3000000000000003,0.0,0.0,0.0,0.0,0.0,0.8,0.0,0.0,10.0,0.0,1.7000000000000002,0.8,0.0,0.0,6.7,5.800000000000001,0.0,0.0,0.0,0.0,0.0,0.8,0.0,0.0,28.299999999999997,0.0,0.8,0.8,0.8,0.0,0.8,0.0,4.2,0.0,0.0,26.700000000000003,0.0,6.7,0.0,4.2,33.300000000000004,0.0,0.0,0.0,19.2,0.0,29.2,21.7,0.0,0.0,20.0,0.8,2.5,1.7000000000000002,65.0,0.0,60.8,6.7,67.5,0.0,0.0,99.2,0.8,4.2,0.0,0.8,5.0,0.0,20.8,0.0,0.0,8.3,0.0,2.5,8.3,0.0,0.0,36.7,0.8,0.8,2.5,0.8,3.3000000000000003,5.800000000000001,1.7000000000000002,0.0,0.0,0.0,0.0,0.8,4.2,0.0,0.0,0.8,8.3,3.3000000000000003,2.5,0.0,0.0,0.0,16.7,0.0,15.8,0.8,0.0,0.8,6.7,0.0,0.8,0.0,7.5,10.0,0.0,0.8,5.800000000000001,35.8,0.0,0.0,0.0,0.0,0.0,0.0,0.0,0.0,0.0,0.0,0.8,6.7,22.5,0.0,1.7000000000000002,38.3,17.5,0.8,1.7000000000000002,4.2,26.700000000000003,5.800000000000001,3.3000000000000003,0.8,9.2,1.7000000000000002,0.0,0.0,1.7000000000000002,0.8,0.0,2.5,0.0,4.2,0.0,0.0,0.0,0.0,0.0,0.0,0.8,0.8,0.0,0.8,0.0,1.7000000000000002,7.5,0.0,120
data administrator,0.8999999999999999,0.0,0.0,0.0,0.0,0.8999999999999999,0.0,1.7000000000000002,0.8999999999999999,0.0,0.0,0.8999999999999999,0.0,1.7000000000000002,0.0,0.0,0.8999999999999999,0.0,0.0,2.6,0.0,0.0,0.0,0.0,0.8999999999999999,0.0,0.0,0.8999999999999999,0.0,0.0,0.0,0.8999999999999999,0.8999999999999999,0.8999999999999999,0.0,0.0,0.0,5.2,0.0,0.0,0.0,1.7000000000000002,0.0,0.0,0.0,0.0,0.8999999999999999,0.0,0.0,0.0,0.0,0.0,0.0,0.8999999999999999,0.0,0.0,1.7000000000000002,0.0,0.0,0.0,7.000000000000001,0.0,0.0,0.0,0.0,0.8999999999999999,0.8999999999999999,1.7000000000000002,0.0,0.0,0.0,0.0,0.0,0.0,0.0,0.0,0.0,0.8999999999999999,0.0,0.0,0.0,0.0,0.0,6.1,0.0,0.0,0.8999999999999999,0.0,0.8999999999999999,0.8999999999999999,0.8999999999999999,0.0,0.0,0.8999999999999999,0.0,0.8999999999999999,0.0,0.0,0.0,0.8999999999999999,6.1,0.0,0.8999999999999999,0.0,13.900000000000002,5.2,39.1,0.0,0.0,57.4,0.0,0.0,0.8999999999999999,4.3,14.799999999999999,2.6,8.7,0.8999999999999999,0.0,7.000000000000001,15.7,0.0,0.0,0.8999999999999999,2.6,0.0,8.7,2.6,7.8,0.0,1.7000000000000002,0.0,0.8999999999999999,0.0,0.0,0.0,0.0,0.0,0.0,0.0,0.0,0.0,0.0,0.0,0.0,0.0,80.0,0.0,0.8999999999999999,0.0,0.0,0.8999999999999999,0.8999999999999999,0.0,0.0,0.0,0.0,0.0,0.8999999999999999,0.8999999999999999,0.0,0.8999999999999999,0.0,0.0,1.7000000000000002,0.0,31.3,0.8999999999999999,0.0,0.0,0.0,0.0,0.0,11.3,0.8999999999999999,0.0,0.0,0.8999999999999999,0.0,0.8999999999999999,0.0,0.0,0.8999999999999999,0.0,0.8999999999999999,0.0,0.0,0.0,0.8999999999999999,0.0,0.0,0.0,0.0,28.7,0.0,0.0,115
analyst programmer,38.7,1.9,1.9,0.8999999999999999,0.0,4.7,0.8999999999999999,0.0,0.0,2.8000000000000003,0.8999999999999999,0.0,0.0,4.7,0.0,4.7,0.0,9.4,0.8999999999999999,0.8999999999999999,0.0,0.0,0.0,6.6000000000000005,2.8000000000000003,0.0,21.7,3.8,0.8999999999999999,0.0,3.8,6.6000000000000005,4.7,12.3,0.0,0.0,0.0,2.8000000000000003,2.8000000000000003,0.0,0.0,4.7,0.0,2.8000000000000003,0.8999999999999999,0.0,5.7,0.0,0.0,0.0,0.8999999999999999,0.0,1.9,1.9,3.8,3.8,0.8999999999999999,0.0,1.9,5.7,3.8,3.8,1.9,0.0,0.0,0.0,3.8,21.7,0.8999999999999999,27.400000000000002,0.0,1.9,1.9,0.0,0.0,4.7,19.8,0.0,12.3,17.9,0.0,0.0,2.8000000000000003,8.5,45.300000000000004,5.7,20.8,2.8000000000000003,29.2,28.299999999999997,33.0,0.0,0.8999999999999999,6.6000000000000005,1.9,9.4,3.8,0.0,0.0,5.7,64.2,0.0,3.8,14.2,1.9,5.7,2.8000000000000003,0.0,0.0,51.9,1.9,0.0,0.0,0.8999999999999999,11.3,17.9,6.6000000000000005,0.8999999999999999,0.0,0.0,1.9,1.9,8.5,0.0,0.8999999999999999,0.0,6.6000000000000005,1.9,0.8999999999999999,44.3,1.9,1.9,2.8000000000000003,0.8999999999999999,5.7,34.9,8.5,0.0,1.9,0.0,0.0,0.0,0.0,4.7,0.0,1.9,4.7,7.5,0.0,1.9,0.0,10.4,8.5,0.0,0.8999999999999999,0.8999999999999999,4.7,15.1,5.7,0.8999999999999999,3.8,0.0,0.8999999999999999,0.0,20.8,3.8,1.9,5.7,27.400000000000002,0.8999999999999999,17.9,0.8999999999999999,0.8999999999999999,0.8999999999999999,0.0,0.0,0.0,4.7,0.8999999999999999,17.9,5.7,4.7,6.6000000000000005,0.8999999999999999,3.8,0.8999999999999999,1.9,0.0,12.3,6.6000000000000005,0.8999999999999999,0.0,0.8999999999999999,0.0,0.0,0.0,106
technical support engineer,0.0,0.0,0.0,0.0,2.1,0.0,0.0,1.0,0.0,8.200000000000001,67.0,0.0,0.0,4.1000000000000005,3.1,0.0,0.0,0.0,0.0,0.0,0.0,0.0,0.0,0.0,0.0,0.0,0.0,3.1,0.0,0.0,0.0,1.0,0.0,0.0,6.2,0.0,2.1,0.0,0.0,1.0,1.0,1.0,0.0,1.0,0.0,0.0,0.0,1.0,0.0,0.0,3.1,2.1,0.0,0.0,0.0,0.0,4.1000000000000005,0.0,0.0,0.0,1.0,8.200000000000001,0.0,0.0,0.0,6.2,0.0,63.9,0.0,3.1,0.0,0.0,0.0,8.200000000000001,0.0,3.1,4.1000000000000005,0.0,2.1,0.0,0.0,9.3,0.0,0.0,4.1000000000000005,1.0,3.1,0.0,5.2,3.1,6.2,0.0,4.1000000000000005,2.1,1.0,4.1000000000000005,0.0,1.0,0.0,0.0,14.399999999999999,0.0,0.0,2.1,2.1,1.0,2.1,0.0,0.0,84.5,1.0,0.0,2.1,0.0,6.2,7.199999999999999,1.0,0.0,0.0,0.0,3.1,0.0,5.2,0.0,1.0,0.0,4.1000000000000005,9.3,2.1,5.2,0.0,0.0,2.1,0.0,0.0,2.1,4.1000000000000005,1.0,0.0,0.0,58.8,3.1,0.0,0.0,1.0,2.1,1.0,0.0,0.0,0.0,0.0,0.0,0.0,3.1,2.1,2.1,9.3,2.1,0.0,0.0,0.0,0.0,0.0,0.0,60.8,0.0,5.2,0.0,0.0,0.0,2.1,0.0,2.1,1.0,0.0,0.0,0.0,3.1,0.0,0.0,1.0,4.1000000000000005,0.0,0.0,0.0,0.0,0.0,0.0,5.2,0.0,7.199999999999999,3.1,13.4,4.1000000000000005,0.0,0.0,97
data architect,17.4,12.0,0.0,0.0,0.0,30.4,0.0,17.4,0.0,16.3,0.0,0.0,0.0,1.0999999999999999,0.0,0.0,13.0,8.7,4.3,43.5,2.1999999999999997,7.6,8.7,30.4,0.0,0.0,8.7,0.0,2.1999999999999997,0.0,6.5,1.0999999999999999,1.0999999999999999,17.4,0.0,0.0,3.3000000000000003,10.9,0.0,0.0,1.0999999999999999,0.0,19.6,2.1999999999999997,3.3000000000000003,5.4,18.5,1.0999999999999999,3.3000000000000003,0.0,0.0,0.0,0.0,0.0,2.1999999999999997,4.3,1.0999999999999999,0.0,1.0999999999999999,0.0,7.6,0.0,1.0999999999999999,0.0,0.0,0.0,0.0,3.3000000000000003,1.0999999999999999,0.0,0.0,5.4,0.0,1.0999999999999999,0.0,0.0,0.0,0.0,6.5,0.0,0.0,0.0,0.0,1.0999999999999999,2.1999999999999997,0.0,1.0999999999999999,0.0,0.0,4.3,0.0,0.0,0.0,0.0,0.0,5.4,6.5,0.0,0.0,5.4,30.4,6.5,0.0,0.0,2.1999999999999997,6.5,0.0,0.0,3.3000000000000003,45.7,1.0999999999999999,0.0,0.0,2.1999999999999997,0.0,26.1,10.9,5.4,3.3000000000000003,0.0,4.3,1.0999999999999999,13.0,3.3000000000000003,0.0,4.3,6.5,0.0,3.3000000000000003,1.0999999999999999,0.0,0.0,27.200000000000003,0.0,1.0999999999999999,0.0,18.5,0.0,0.0,5.4,0.0,0.0,0.0,1.0999999999999999,0.0,3.3000000000000003,2.1999999999999997,0.0,0.0,3.3000000000000003,0.0,20.7,10.9,0.0,0.0,0.0,2.1999999999999997,0.0,3.3000000000000003,0.0,0.0,9.8,0.0,0.0,0.0,0.0,0.0,3.3000000000000003,1.0999999999999999,0.0,17.4,0.0,3.3000000000000003,0.0,0.0,0.0,1.0999999999999999,3.3000000000000003,3.3000000000000003,1.0999999999999999,1.0999999999999999,1.0999999999999999,14.099999999999998,0.0,3.3000000000000003,5.4,0.0,2.1999999999999997,1.0999999999999999,0.0,0.0,0.0,1.0999999999999999,0.0,0.0,0.0,92
android developer,34.300000000000004,10.4,6.0,6.0,0.0,4.5,37.3,0.0,0.0,0.0,1.5,0.0,0.0,0.0,0.0,0.0,0.0,0.0,0.0,0.0,0.0,3.0,0.0,0.0,0.0,0.0,0.0,3.0,0.0,0.0,20.9,1.5,0.0,0.0,0.0,0.0,0.0,0.0,3.0,0.0,41.8,0.0,0.0,1.5,0.0,0.0,0.0,3.0,0.0,0.0,0.0,0.0,0.0,1.5,6.0,0.0,0.0,0.0,3.0,1.5,0.0,0.0,0.0,0.0,10.4,0.0,0.0,1.5,0.0,26.900000000000002,0.0,9.0,9.0,0.0,0.0,0.0,0.0,0.0,0.0,0.0,3.0,0.0,0.0,1.5,0.0,0.0,0.0,0.0,0.0,28.4,3.0,0.0,0.0,3.0,0.0,1.5,0.0,0.0,0.0,0.0,3.0,0.0,0.0,1.5,0.0,0.0,10.4,3.0,0.0,29.9,6.0,0.0,6.0,0.0,1.5,4.5,4.5,1.5,0.0,0.0,4.5,0.0,6.0,0.0,0.0,0.0,7.5,1.5,4.5,3.0,0.0,0.0,0.0,100.0,0.0,0.0,3.0,0.0,0.0,0.0,0.0,0.0,0.0,0.0,1.5,0.0,0.0,17.9,1.5,0.0,1.5,0.0,0.0,0.0,0.0,11.899999999999999,0.0,0.0,1.5,6.0,0.0,0.0,0.0,0.0,0.0,0.0,0.0,0.0,1.5,0.0,0.0,0.0,1.5,0.0,0.0,0.0,3.0,0.0,0.0,11.899999999999999,0.0,0.0,0.0,0.0,0.0,0.0,0.0,0.0,0.0,0.0,0.0,0.0,0.0,1.5,0.0,0.0,67
system analyst,11.1,0.0,1.6,0.0,0.0,0.0,1.6,1.6,1.6,9.5,4.8,0.0,0.0,4.8,0.0,0.0,1.6,0.0,0.0,0.0,0.0,0.0,0.0,0.0,0.0,0.0,0.0,0.0,0.0,0.0,1.6,1.6,1.6,3.2,0.0,0.0,0.0,61.9,0.0,0.0,7.9,0.0,0.0,0.0,0.0,0.0,0.0,4.8,0.0,0.0,0.0,0.0,0.0,0.0,0.0,4.8,0.0,0.0,3.2,0.0,4.8,4.8,0.0,0.0,4.8,0.0,0.0,4.8,0.0,1.6,0.0,0.0,1.6,0.0,0.0,1.6,0.0,0.0,6.3,3.2,0.0,1.6,0.0,1.6,11.1,57.099999999999994,3.2,0.0,9.5,63.5,6.3,6.3,3.2,1.6,0.0,7.9,0.0,0.0,0.0,0.0,30.2,6.3,0.0,14.299999999999999,1.6,55.60000000000001,1.6,0.0,4.8,28.599999999999998,1.6,1.6,0.0,1.6,0.0,6.3,1.6,1.6,0.0,0.0,3.2,0.0,6.3,1.6,0.0,0.0,1.6,0.0,3.2,11.1,0.0,0.0,4.8,3.2,1.6,3.2,3.2,1.6,0.0,0.0,3.2,0.0,0.0,4.8,0.0,0.0,6.3,3.2,0.0,0.0,0.0,0.0,0.0,0.0,1.6,3.2,4.8,0.0,1.6,1.6,1.6,6.3,0.0,0.0,14.299999999999999,1.6,7.9,0.0,7.9,0.0,6.3,0.0,0.0,0.0,0.0,0.0,0.0,0.0,0.0,0.0,3.2,3.2,0.0,0.0,1.6,0.0,0.0,0.0,9.5,0.0,0.0,0.0,4.8,1.6,0.0,0.0,63
ux designer,28.299999999999997,3.3000000000000003,0.0,0.0,0.0,1.7000000000000002,0.0,0.0,0.0,0.0,1.7000000000000002,0.0,1.7000000000000002,0.0,0.0,0.0,0.0,0.0,0.0,0.0,0.0,0.0,5.0,0.0,0.0,0.0,0.0,0.0,0.0,5.0,10.0,1.7000000000000002,0.0,0.0,0.0,3.3000000000000003,0.0,0.0,0.0,0.0,0.0,0.0,1.7000000000000002,0.0,0.0,0.0,0.0,0.0,0.0,0.0,0.0,0.0,0.0,0.0,86.7,0.0,0.0,0.0,1.7000000000000002,0.0,0.0,0.0,0.0,0.0,0.0,0.0,0.0,1.7000000000000002,1.7000000000000002,1.7000000000000002,58.3,100.0,0.0,0.0,8.3,0.0,5.0,1.7000000000000002,0.0,5.0,66.7,0.0,0.0,0.0,0.0,0.0,55.00000000000001,0.0,53.300000000000004,0.0,45.0,0.0,0.0,0.0,0.0,0.0,0.0,1.7000000000000002,1.7000000000000002,0.0,0.0,0.0,0.0,0.0,0.0,0.0,11.700000000000001,35.0,0.0,75.0,1.7000000000000002,1.7000000000000002,1.7000000000000002,0.0,3.3000000000000003,20.0,0.0,0.0,0.0,0.0,0.0,1.7000000000000002,41.699999999999996,0.0,0.0,1.7000000000000002,10.0,0.0,1.7000000000000002,1.7000000000000002,0.0,15.0,0.0,3.3000000000000003,1.7000000000000002,0.0,1.7000000000000002,0.0,3.3000000000000003,0.0,0.0,0.0,1.7000000000000002,0.0,0.0,0.0,0.0,0.0,0.0,0.0,0.0,0.0,0.0,0.0,0.0,3.3000000000000003,0.0,0.0,0.0,5.0,1.7000000000000002,0.0,1.7000000000000002,0.0,0.0,0.0,0.0,0.0,0.0,0.0,0.0,15.0,0.0,0.0,0.0,0.0,0.0,0.0,0.0,5.0,3.3000000000000003,0.0,0.0,0.0,0.0,0.0,0.0,0.0,0.0,0.0,0.0,0.0,0.0,0.0,0.0,0.0,60
it business development manager,2.0,0.0,0.0,0.0,0.0,0.0,0.0,6.1,0.0,0.0,0.0,0.0,0.0,87.8,87.8,0.0,0.0,0.0,0.0,0.0,0.0,0.0,0.0,0.0,0.0,0.0,0.0,0.0,0.0,0.0,0.0,0.0,0.0,0.0,0.0,0.0,0.0,0.0,0.0,0.0,0.0,0.0,0.0,0.0,0.0,0.0,0.0,0.0,0.0,0.0,0.0,0.0,0.0,0.0,0.0,0.0,0.0,0.0,0.0,0.0,0.0,0.0,0.0,0.0,0.0,0.0,0.0,0.0,0.0,0.0,0.0,0.0,0.0,0.0,0.0,0.0,0.0,6.1,0.0,0.0,0.0,0.0,0.0,0.0,0.0,0.0,0.0,0.0,0.0,0.0,0.0,0.0,0.0,0.0,0.0,0.0,0.0,0.0,0.0,0.0,6.1,0.0,0.0,0.0,0.0,0.0,0.0,0.0,0.0,100.0,0.0,0.0,12.2,0.0,0.0,0.0,0.0,0.0,93.89999999999999,0.0,6.1,0.0,4.1000000000000005,0.0,0.0,0.0,0.0,93.89999999999999,0.0,0.0,0.0,0.0,0.0,0.0,0.0,0.0,0.0,0.0,0.0,0.0,0.0,0.0,0.0,0.0,0.0,0.0,6.1,0.0,0.0,0.0,0.0,0.0,0.0,0.0,0.0,0.0,0.0,0.0,0.0,0.0,0.0,0.0,0.0,0.0,0.0,0.0,93.89999999999999,0.0,0.0,0.0,6.1,0.0,0.0,0.0,0.0,0.0,0.0,87.8,0.0,0.0,0.0,0.0,0.0,0.0,0.0,0.0,0.0,0.0,0.0,0.0,0.0,0.0,0.0,6.1,0.0,0.0,49
it sales manager,0.0,0.0,0.0,0.0,0.0,2.1,0.0,2.1,0.0,6.4,2.1,0.0,0.0,0.0,0.0,0.0,0.0,0.0,0.0,0.0,0.0,0.0,0.0,0.0,0.0,0.0,0.0,0.0,0.0,0.0,0.0,0.0,0.0,0.0,0.0,0.0,0.0,0.0,0.0,0.0,0.0,0.0,0.0,0.0,0.0,0.0,0.0,0.0,0.0,0.0,0.0,93.60000000000001,0.0,0.0,0.0,0.0,0.0,0.0,0.0,0.0,0.0,0.0,0.0,0.0,0.0,0.0,0.0,0.0,0.0,0.0,0.0,0.0,0.0,0.0,0.0,0.0,0.0,0.0,0.0,0.0,0.0,0.0,0.0,0.0,0.0,0.0,0.0,0.0,0.0,0.0,0.0,0.0,0.0,0.0,0.0,0.0,0.0,0.0,0.0,0.0,0.0,0.0,0.0,0.0,0.0,0.0,0.0,0.0,0.0,100.0,0.0,0.0,0.0,0.0,2.1,0.0,2.1,2.1,0.0,0.0,0.0,4.3,0.0,2.1,0.0,0.0,0.0,0.0,2.1,0.0,0.0,0.0,0.0,0.0,0.0,0.0,0.0,0.0,0.0,0.0,0.0,0.0,0.0,0.0,0.0,0.0,2.1,0.0,0.0,0.0,0.0,0.0,0.0,0.0,0.0,0.0,0.0,0.0,0.0,0.0,0.0,0.0,0.0,0.0,0.0,0.0,4.3,0.0,0.0,0.0,0.0,0.0,0.0,2.1,0.0,0.0,0.0,0.0,0.0,0.0,0.0,0.0,0.0,0.0,0.0,0.0,0.0,0.0,0.0,0.0,0.0,0.0,0.0,0.0,0.0,0.0,47
mobile phone repair technician,0.0,0.0,0.0,0.0,0.0,0.0,0.0,0.0,0.0,0.0,90.9,0.0,0.0,0.0,0.0,0.0,0.0,0.0,0.0,0.0,0.0,0.0,0.0,0.0,0.0,0.0,0.0,0.0,0.0,0.0,0.0,0.0,0.0,0.0,0.0,0.0,0.0,0.0,0.0,0.0,0.0,0.0,0.0,0.0,0.0,0.0,0.0,0.0,0.0,0.0,0.0,0.0,0.0,0.0,0.0,0.0,0.0,0.0,0.0,0.0,0.0,0.0,0.0,0.0,0.0,0.0,0.0,6.800000000000001,0.0,0.0,0.0,0.0,0.0,0.0,0.0,0.0,0.0,0.0,0.0,0.0,0.0,0.0,0.0,0.0,0.0,0.0,0.0,0.0,0.0,0.0,0.0,0.0,0.0,0.0,0.0,0.0,0.0,0.0,0.0,0.0,0.0,0.0,0.0,0.0,0.0,0.0,0.0,0.0,0.0,2.3,0.0,0.0,0.0,0.0,95.5,0.0,0.0,0.0,0.0,0.0,0.0,0.0,0.0,0.0,0.0,0.0,0.0,0.0,0.0,0.0,0.0,0.0,0.0,0.0,0.0,0.0,0.0,0.0,0.0,0.0,0.0,0.0,0.0,0.0,0.0,0.0,2.3,0.0,0.0,0.0,0.0,0.0,0.0,0.0,0.0,0.0,0.0,0.0,0.0,0.0,0.0,0.0,0.0,0.0,0.0,0.0,0.0,0.0,0.0,0.0,0.0,0.0,0.0,0.0,0.0,0.0,0.0,0.0,0.0,0.0,0.0,0.0,0.0,0.0,0.0,0.0,0.0,0.0,0.0,0.0,0.0,0.0,0.0,0.0,0.0,0.0,44
ios engineer,14.6,0.0,7.3,0.0,0.0,2.4,43.9,0.0,0.0,0.0,2.4,0.0,0.0,0.0,0.0,0.0,0.0,0.0,0.0,0.0,0.0,14.6,0.0,0.0,0.0,0.0,0.0,0.0,0.0,22.0,9.8,0.0,0.0,0.0,0.0,0.0,0.0,0.0,0.0,0.0,0.0,0.0,7.3,4.9,0.0,0.0,0.0,0.0,0.0,0.0,0.0,0.0,0.0,0.0,0.0,0.0,0.0,0.0,0.0,0.0,0.0,0.0,0.0,0.0,2.4,0.0,0.0,0.0,0.0,14.6,0.0,12.2,0.0,0.0,0.0,0.0,0.0,0.0,2.4,4.9,0.0,0.0,0.0,7.3,0.0,0.0,7.3,0.0,7.3,0.0,7.3,0.0,0.0,2.4,0.0,0.0,0.0,0.0,0.0,0.0,0.0,0.0,0.0,0.0,0.0,0.0,0.0,0.0,0.0,14.6,4.9,2.4,0.0,0.0,2.4,17.1,4.9,2.4,0.0,0.0,0.0,0.0,2.4,0.0,0.0,0.0,12.2,0.0,0.0,0.0,0.0,0.0,4.9,9.8,0.0,0.0,0.0,0.0,0.0,0.0,0.0,0.0,0.0,0.0,0.0,0.0,0.0,9.8,0.0,0.0,0.0,0.0,0.0,0.0,0.0,100.0,0.0,0.0,4.9,0.0,0.0,0.0,2.4,0.0,0.0,0.0,0.0,0.0,19.5,0.0,0.0,0.0,0.0,0.0,0.0,0.0,2.4,0.0,0.0,2.4,0.0,0.0,0.0,0.0,0.0,0.0,0.0,0.0,0.0,0.0,0.0,0.0,0.0,0.0,0.0,0.0,41
